101	past tense	과거형	take의 과거형은 took이다.;The past tense of 'take' is 'took'.
101	present tense	현재형	'are'는 동사 'be'의 이인칭 현재형이다.;The word 'are' is the second person present tense of the verb 'be'.
101	future tense	미래형	저는 이것이 바로 미래형 커뮤니케이션 기법이라고 봅니다.;I see this as a futuristic communication technique.
101	angry	화나다	그는 아직도 화나 있다.;He is still angry.
101	boring	지루하다	나는 쉽게 지루해 한다.;I get bored easily.
101	strong	강하다	이 바람은 정말로 강하네요.;The wind is really strong!;당신에 대한 내 사랑은 너무도 강해요.;The feeling that I have for you is so strong.
101	weak	약하다	그는 언제나 약해 보인다.;She looks always weekly.
101	page	페이지	이 페이지는 자동 재생된다.;The page refreshes automatically.
101	continuation, to continue, continuous, keep V-ing	계속	월요일부터 금요일까지 계속 일했어요.;I worked continuously from Monday to Friday.;신발을 계속 신다.;Keep wearing shoes.
101	price, pricing	가격	기차표의 가격이 얼마정도예요?;How much is the train ticket?
101	octopus	문어	문어 몸에는 뼈가 없다.;There are no bones in the body of an octopus.
101	shark	상어	나는 상어를 보려고 철창 상자 다이빙을 했다.;I went cage diving to see sharks.
101	entrance fee	입장료	그 미술관에는 입장료가 없다.;There is no entrance fee to the gallery.
102	leave (somewhere)	-을/를 떠나다	내년에 독일을 떠나요.;I'm leaving Germany next year.
102	leave for (somewhere)	-(으)로 떠나다	여행하려고 한국으로 떠나요.;I'm leaving for Korea to travel.
102	swimsuit	수영복	그들은 수영복을 입고 있다.;They are wearing swimsuits.
102	last time	저번	난 그것을 저번에 보았다.;I was it last time.;우리는 저번 여름에 만났어.;We met last August.
102	exchange student	교환학생	제 친척이 교환학생으로 서울에 갔어요.;A relative of mine went to Seoul as an exchange student.
102	foreign student	유학생	독일에 대학원생 유학생이 많아요.;There are many graduate students studying abroad in Germany.
102	map	지도	탁자 위에 지도를 펴라.;Open the map on the table.
102	to sell	팔다	나는 플레이스테이션5를 그에게 팔아요.;I sell my PlayStation 5 to him.
102	problem, question	문제	3번 문제는 아주 어려웠다.;Question 3 was very difficult.;문제가 있어요.;I have a problem.
102	proverb	속담	(속담:)좋은 약은 입에 쓰다.;Good medicine is bitter in the mouth.
102	old (people)	나이가 많다	매 파티 후에 아주 피곤해서 나는 나이가 많게 느껴요.;I feel old because I'm so tired after every party.
102	old (things)	오래되다	오래된 사진을 책 안에서 찾았어요.;I found an old photo in a book.;집에 오래된 책이 있어요? 50년 이상 된 책도 있어요?;Do you have old books at home? Are there any books that are over 50 years old?
102	customer	고객	고객들이 커피숍에 빨리 갔다와요.;Customers go the the coffee shop quickly.
102	western	서양	동양과 서양 문화 사이에는 차이가 있다.;There is a difference between Eastern and Western cultures.
102	eastern	동양	동양 음식 아주 맛있어요.;Oriental food is very delicious
102	to shave	면도하다	그는 스스로 머리카락을 면도했어요.;He shaved his hair himself.
102	among N	N 사이에서	우리 가족들 사이에서 남자 세 명이 있어요.;There are three men in (among) my family.
102	omg, in the world	세상에(서)	이런 세상에! 시간 좀 봐!;My goodness! Look at the time!;세상에서 가장 운 좋은 놈이야.;He's the luckiest guy in the world.
102	recently	최근에	저는 최근에 담배를 피우는 것을 그만뒀어요.;I recently stopped smoking.
102	to have nose bleeding	코피가 나다	최근 많은 코피가 나요.;I have had a lot of nosebleeds lately.
102	café	카페	우리는 싸고 좋은 카페를 찾았다.;We found a cheap and cheerful café.
102	a joke	농담	그녀 농담이 아주 웃겨요.;Her jokes are very funny.
103	to make contact with	-하고 연락하다	아무하고나 연락해요.;To make contact with anyone.
103	to tell	-에게 말하다	아무도에게 말하지 마세요.;Please don't tell anyone.;그 사람에게 말할 거예요.;I'll tell this person.
103	to apologize	-에게 사과하다	왜 내가 사과해야 돼?;Why should I apologize?
103	to arrive	도착하다	늦어도 8시까지는 도착해 주세요.;Please arrive no later than 8o'clock.
103	yet, still	아직	난 아직 가방을 다 못 꾸렸어.;I haven't packed my suitcase yet.;엄마, 나 아직 배고파요!;Mum I'm still hungry.
103	to visit	방문하다	이번 봄에 진해를 방문해요!;Let's visit Jinhae this spring.
103	subway, metro	지하철	우리는 지하철을 타고 왔다.;We came by metro.;이 지하철은 어디로 가는 건가요?;Where does this metro go?
103	sure (strong affirmation)	그럼요	“여기 앉아도 될까요?” “그럼요, 앉으세요.”;May I sit here? Sure with pleasure!
103	to pass by, to go past	지나다	약속 시간이 지났는데 아무도 안 왔어요?;It's past the appointed time. Has nobody come?;마트를 지나다가 과일을 사 왔어요.;I bought some fruits while passing by the mart.
103	to help	도와주다	아무도 나를 도와줄 수 없어요.;Nobody can help me.
103	to happen, to wake up	일어나다	그것은 아무에게나 일어날 수 있어.;This can happen to anyone.
103	somewhere like X	X 같은 곳	뮌스터 같은 곳을 아무 데도 없어요.;There is nowhere like Münster.
104	to cut/chop	을/를 썰다/다지다	양파를 썰어요.;To chop onions.
104	french fries	감자튀김	나는 감자 튀김을 좋아한다.;I like french fries.
104	pepper	후추	소금과 후추로 양념을 해요.;Season with salt and pepper.
104	fridge	냉장고	다진 마늘이 냉장고에 있어요?;Is the minced garlic in the fridge?
104	to sprinkle	-을/를 (-에) 뿌리다	후추를 수프에 뿌려요.;Sprinkle the pepper over the soup.;소금을 음식에 뿌려요.;Sprinkle salt over the food.
104	to boil	-을/를 끓이다	물을 끓여요.;To boil water.;면을 요리할 때 물을 끓여요.;Boil water while cooking noodles.
104	to fry	-을/를 굽다	소시지와 고기를 구워요.;Fry sausage and meat.;베이컨 굽는 냄새.;The smell of frying bacon.
104	to fry (with much sauce)	-을/를 볶다	양파를 버터에 볶아라.;Fry onions in butter.
104	to pour	-을/를 -에 붓다	계란을 프라이팬에 부어요.;Pour eggs in the frying pan.;소스를 샐러드에 부어요.;Pour sauce over the salad.
104	to bake	-을/를 (오븐)에 굽다	오븐에 감자튀김을 구워요.;Bake french fries in the oven.;계란을 구워요.;To bake an egg.
104	to deep fry (in oil)	-을/를 (기름)에 튀기다	감자를 울리브 기름에 튀겨요.;Fry potatoes in olive oil.;튀김기가 집에 없어요.;I don't have a deep fryer at home.
104	to peel	N 껍질을 벗기다	바나나 껍질을 벗기다.;To peel a banana.
104	to spread (on)	-을/를 -에 바르다	버터를 빵에 발라요.;To spread the butter on the bread.
104	to taste	-의 맛을 보다	샐러드의 맛을 보다.;To taste salad.
104	smell, scent	냄새	빵 굽는 맛있는 냄새.;The delicious smell of baking bread.
104	fresh	신선하다	이 우유는 신선한가요?;Is this milk fresh?
104	recipe	요리법	당신 이 요리법 한번 시도해 봐요.;You should try this recipe.
104	(uncooked) noodles	면	나는 면 종류는 다 좋아한다.;I like all kinds of noodles.
104	(cooked) noodles	국수	밥으로 하시겠어요 국수로 하시겠어요?;Would you prefer rice or noodles?
104	oil	기름	기름과 물은 섞이지 않아요.;Oil and water don't mix.
104	ingredient	재료	이 요리의 포인트는 신선한 재료다.;The point of this dish is fresh ingredients.
104	way, means, method	방법	일을 하는 새로운 방법들.;New ways to do things.;이것을 하는 방법은 여러 가지가 있다.;There are several ways to do it.
105	Good luck!	행운을 빌어요!	내일 취업 면접이 있어. 행운을 빌어줘.;I have a job interview tomorrow. Wish me luck!
105	per month	한 달에 X 번	그는 한 달에 한두 번 파리를 방문해요.;He visits Paris once or twice a month.
105	Thailand	태국	태국음식을 한번 먹어보고 싶어요.;I want to try Thai food once.
105	tool	도구	이 도구는 뭐하는 거지?;What is this tool for?
105	oh no!	저런	저런! 사람이 차에 치였나봐.;Oh no! I think someone got hit by a car.
105	unit noun: people	명	저는 아주 좋아하는 친구 네 명 이 있어요.;I have four friends that I like very much.
105	unit noun: animals	마리	엄마 아빠 모두 개 세 마리 가 있었어요.;Mom and Dad both had three dogs.
105	unit noun: clothes	벌	요즘에 티셔츠 세 벌 을 샀어요.;I bought three T-shirts these days.
105	unit noun: pencils, pens	자루	저는 항상 연필 한 자루를 써요.;I always use a pencil.
105	unit noun: cups	잔	하루에 커피 네 잔을 마셔요.;I drink four cups of coffee a day.
105	unit noun: bottle	병	어제 맥주를 몇 병 마셨어요?;How many beers did you drink yesterday?
105	unit noun: vehicle	대	부모님은 자동차 두 대가 있 어요.;My parents have two cars.
105	unit noun: book	권	한 달에 책 몇 권을 읽어요?;How many books do you read in a month?
105	unit noun: bags (of groceries)	봉지	저는 과자 두 봉지를 먹어요.;I eat two bags of snacks.
105	unit noun: time	시간	저는 어제 밤에 3 시간 동안 숙제를 했어요.;I did my homework for 3 hours last night.
105	unit noun: general	개	집에 의자 몇 개 있어요?;How many chairs do you have at home?
105	to get hurt	다치다	사람 두 명이 다쳤어요.;Two people were injured.
105	to escape	탈출하다	며칠 전에 서울 동물원에서 얼룩말이 탈출했어요.;A few days ago, a zebra escaped from the Seoul Zoo.
105	dishes	그릇	집에 그릇 여섯 개가 있어요.;I have six dishes at home.
105	regularly	정기적으로	정기적으로 친구 랑 같이 배드민턴을 쳐요.;I regularly play badminton with my friends.
105	bell pepper	피망	마늘과 피망을 잘게 썬다.;Chop garlic and bell pepper.
105	to let sbd. know	-에게 알려 주다	저에게 알려 주세요.;Please let me know.
105	X hours per day	하루에 X 시간	저는 하루에 8시간 자요.;I sleep 8 hours a day.;제가 하루에 2시간 동안 운동해서 건강해졌어요.;I exercised for 2 hours a day and became healthy.
105	horse	말	그는 말을 타는 것을 좋아해요.;He likes riding horses.
105	zebra	얼룩말	이번 여름에는 남아프리카에서 얼룩말을 볼 계획이에요.;I plan to see zebras in South Africa this summer.
105	to die	죽다	저는 죽기 전에 세계 일주를 하고 싶어요.;I want to travel around the world before I die.
105	to let someone know, to inform someone	-에게 (-을/를) 알려주다	친구에게 내 생일을 알려줬어요.;I informed my friend of my birthday.
105	to prepare	준비하다	파티를 위해서 많은 음식을 준비해야 해요.;You need to prepare a lot of food for the party.
105	to order	주문하다	카페에서 커피를 주문할 거예요.;I will order coffee at the cafe.
106	niece, nephew	조카	저는 조카가 귀엽 다고 생각해요.;I think that my nephew is cute.;가끔 제 조카와 조카딸과 놀아요.;Sometimes I play with my nephew and niece.
106	to be crazy, to go nuts	미치다	저는 그녀가 가끔 미쳤 다고 생각해요.;I think she's crazy sometimes.
106	immediately, soon, shortly	곧	저는 제가 서울에 곧 갈 거라고 생각했어요.;I thought I would go to Seoul soon.
106	paper	종이	그녀는 종이에 말 그림을 그렸다.;She draws a horse on the paper.
106	to shout, to yell	소리를 지르다	아이들이 놀이터에서 즐거움에 소리를 지르고 있었다.;The children were shouting in joy at the playground.
106	several, various	여러가지	게임을 여러가지 해요.;I play various games.;여러가지(의) 게임을 해요.;I play various (of) games.
106	to act	연기하다	그는 연기를 잘해요.;He's good at acting.;그는 이 영화에서 연기해요.;He acts in this movie.
106	already	벌써	내 셔츠 벌써 말랐어요?;Is my shirt already dry?
106	grades (exam)	점수	선생님이 부모님에 아들의 나쁜 점수를 알려줘요.;The teacher informs the parents of their son's bad grades.
107	in the past, long ago	옛날에	옛날에 저는 거기 학교에 다녔었어요.;A long time ago I used to go there to school.
107	broad, wide	넓다	나의 방은 다른 친구들의 방보다 넓다.;My room is wider than my friend's rooms.
107	high	높다	여기 나무들은 높아요.;Here the trees are high.
108	small	작다	방이 너무 작아요.;The room is too small.;사실 나는 그들보다 작아요.;In fact, I am smaller than them.
108	short	짧다	머리카락이 짧아졌어요.;My hair became short.;날들 이 아주아주 짧아요.;The days are very short.
108	few, little	적다	시간이 적어.;Time is short.;실수를 적게 해.;Make fewer mistakes.
108	number	숫자	한국어에서 숫자를 셀 줄 알아요.;I can count numbers in Korean.
108	quantity	양	이 식당에서는 음식 양이 많아요.;The food portion size is big at this restaurant.
108	petal	꽃잎	이 꽃은 분홍색 꽃잎을 가지고 있어요.;This flower has pink petals.
108	daughter	딸	우리 딸이 학교에서 좋은 성적을 받았어요.;Our daughter got good grades in school.
108	even now	지금도	독일에 지금도 트램이 있어요.;There are still trams in Germany.
108	empty words, meaningless talk	발 없는 말	그 사람이 하는 말은 발 없는 말이에요.;What that person is saying is nonsense.
108	to change, to be changed	바뀌다	입은 옷이 바뀌었어요.;The clothes you wear have changed.;한국 문화가 많이 바뀌고 있어요.;The korean culture is changing a lot.
108	before	전에는	전에는 학교가 가기 싫었는데, 요즘은 좋아해요.;I used to have going to school, but these days I like it.;전에는 한국어를 몰랐는데, 이제는 조금 할 수 있어요.;I didn't know Korean before, but now I can speak a little.
108	white (adj)	하얗다	하얀 셔츠.;white shirt.;하얀 눈이 좋아요.;I like white snow.
108	black (adj)	까맣다	까만 바지.;black pants.;밤하늘이 까매요.;The night sky is black.
108	yellow (adj)	노랗다	노란 꽃.;yellow flower.;엄마의 꽃은 노랗아.;My mother's flowers are yellow.
108	red (adj)	빨갛다	빨간 얼굴.;red face.;친구의 얼굴이 빨개요.;My friend's face is turning red.
108	blue (adj)	파랗다	파란 하늘.;blue sky.;호수의 물이 파래요.;The water of the lake is blue.
109	Snow White	백설공주	백설공주는 머리는 까맣고 피부는 하얘요.;Snow White has black hair and fair skin.
109	queen	왕비	왕비는 백설주에게 빨간 사과를 줬어요.;The queen gave Snow White a red apple.
109	prince	왕자	왕자는 크고 파란 눈으로 공주를 봤어요.;The prince looked at the princess with his big blue eyes.
109	to be like this	이렇다	이 문제는 이렇게 쉬웠나요?;Was this problem this easy?
109	to be like that	그렇다	네, 그렇습니다.;Yes, that's correct.
109	to be like that (over there)	저렇다	저렇게 말하지 마세요.;Please don't talk like that.
109	to be how, to be like what (used in questions)	어떻다	이 음식은 어떻게 만들어졌나요?;How was this food made?
109	sky, heaven	하늘	가을 하늘이 정말 파래요.;The autumn sky is really blue.
110	to describe	묘사하다	그는 그의 경험을 자세히 묘사했다.;He described his experience in detail.
110	earrings	귀걸	목걸이와 귀걸이를 하고 있어요.;I'm wearing a necklace and earrings.
110	necklace	목걸이	목걸이와 귀걸이를 하고 있어요.;I'm wearing a necklace and earrings.;그녀는 진주 목걸이를 하고 있었다.;She was wearing a pearl necklace.
110	blouse	블라우스	보라색 블라우스를 입고 있어요.;She is wearing a purple blouse.
110	skirt	치마	치마를 입고 있어요.;I'm wearing a skirt.;그녀는 보통 긴 치마를 입는다.;She usually wears long skirts.
110	boots	부츠	부츠를 신고 있어요.;I'm wearing boots.;그녀는 왜 부츠를 신고 있나요?;Why is she wearing the boots?
110	glasses	안경	안경을 쓰고 있어요.;I'm wearing glasses.;나는 운전할 때는 안경을 쓴다.;I wear glasses for driving.
110	bag, briefcase	가방	가방을 들고 있어요.;I'm carrying a briefcase.
110	perhaps, by any chance	혹시	혹시 티루엔 씨가 누군지 아세요?;Perhaps you know who Thiruen is?
110	wow	어머	어머, 이 고양이 정말 귀엽네요.;Oh my, this cat is so cute!
110	to change sth.	을/를 바꾸다	어머,캐럴 씨 머리 바꿨네요.;Oh my, Carol, you changed your hair.;제 이름을 한국어로 바꿨어요.;I changed my name to Korean.;저는 제 성격을 바꿀 거예요.;I'm going to change my personality.
110	a while ago, a moment ago	아까	아까 버스 탔어.;I took the bus earlier.;아까 친구 만났어.;I met a friend earlier.
110	pants	바지	그는 티셔츠와 바지를 입고 있었다.;He was wearing a T-shirt and shorts.
110	dress	원피스	그녀는 내 것과 비슷한 원피스를 입고 있다.;She's wearing a dress like mine.;그 원피스 어디서 샀니?;Where did you buy that dress?
110	suit	양복	나는 직장에서는 양복을 입고 넥타이를 매야 한다.;I have to wear a suit and tie at work.
110	jacket	재킷	그는 어두운 자켓을 입고 있어요.;He is wearing a dark jacket.
110	tie	넥타이	나는 직장에서는 양복을 입고 넥타이를 매야 한다.;I have to wear a suit and tie at work.
110	gloves	장갑	소년은 장갑을 끼고 있다.;The boy is wearing a glove.
110	ring	반지	그녀는 결혼 반지를 끼고 있어요.;She is wearing a wedding ring.
110	scarf	목도리	이들은 모자를 쓰고, 마스크나 목도리를 해요.;They wear hats, masks or scarves.
110	bracelet	팔찌	그들은 금반지를 끼고 다녀요.;They wear golden bracelets.
110	hair band	머리띠	그녀는 빨간 머리띠를 하고 있다.;She is wearing a red headband.
110	clock, watch	시계	그는 비싼 시계를 차고 있어요.;He is wearing an expensive watch.
110	bagpack	배낭	남자가 배낭을 들고 있다.;The man is carrying a backpack.
110	shoes	구두	그녀는 항상 유행 구두를 신고 다녀요.;She is always wearing trendy shoes.
110	sandals	샌들	그녀는 해변에서 샌들을 신고 있어요.;She is wearing sandals at the beach.
110	socks	양말	그는 양말을 신지 않았어요.;He wasn't wearing socks.
110	to wear (coat, shirt, pants, skirt, dress, ...)	입다	그는 어두운 자켓을 입고 있어요.;He is wearing a dark jacket.
110	to wear (hat, glasses, ...)	쓰다	나는 운전할 때는 안경을 쓴다.;I wear glasses for driving.
110	to wear (tie)	매다	그는 오늘 회의 때문에 넥타이를 매고 왔어요.;He wore a tie today for the meeting.
110	to wear (glasses, gloves, rings, ...)	끼다	소년은 장갑을 끼고 있다.;The boy is wearing a glove.
110	to wear (necklace, earrings, scarf, belt, bracelet, ...)	하다	그녀는 진주 목걸이를 하고 있었다.;She was wearing a pearl necklace.
110	to carry (bag, backpack, ...)	들다	남자가 배낭을 들고 있다.;The man is carrying a backpack.
110	to wear (shoes, boots, sandals, socks, stockings, ...)	신다	그녀는 왜 부츠를 신고 있나요?;Why is she wearing the boots?
110	bride	신부	그가 자기 새 신부를 소개했다.;He introduced his new bride.
110	groom	신랑	턱시도를 입은 신랑은 멋있어 보였다.;The groom looked great in the tuxedo.
110	turtleneck (shirt)	자라목깃	스티브 잡스는 자라목깃을 입는 것을 좋아했어요.;Steve Jobs loved to wear turtlenecks.
110	tattoo	문신	그 남자는 팔에 문신이 있다.;He has a tattoo on his arm.
110	piercing	피어싱	그녀는 혀에 피어싱을 했다.;She has a tongue piercing.
111	to plan sth.	을/를 계획하다	여행 계획은 조금 했어요?;Have you made any travel plans?
111	international	국제	인천 국제공항;Incheon International Airport
111	(bus, train, ...) station, stop	역	기차가 역으로 들어오고 있었다.;A train was coming into the station.;나는 버스 기사에게 기차역에 내려 달라고 했다.;I asked the bus driver to drop me off at the train station.
111	accommodation	숙소	우리는 잠잘 숙소가 없다.;We have no accommodation to sleep.;숙소는 정하셨습니까?;Have you decided on an accommodation?
111	it doesn't matter, I don't mind (egal)	상관없어요	오늘 뭐 먹을까요? 상관없어요. 아무거나 좋아해요.;What should we eat today? It doesn't matter. I like anything.;날씨가 비가 오던 말던 상관없어요.;It doesn't matter if it rains or not.
111	let's have a look, let's think about it	한번 봅시다	이 문제를 한번 봅시다.;Let's take a look at this problem.
111	the whole day	하루종일	우리는 하루 종일 기다려야 했다.;We had to wait all day long.;해가 하루 종일 비치고 있었다.;The sun was shining all day long.
111	necessary, needed	필요하다	우리는 다른 컴퓨터가 필요하다.;We need another computer.
112	language	언어	한국 문화와 언어 아주 재미있어요.;Korean culture and language is very interesting.
112	to agree	동의하다	동의해요.;I agree.
112	to envy	부럽다	너무 부러워요.;I'm so envious
112	Let's see...	한번 보자!	-;-
112	nervous	긴장하다	아무도 네가 긴장하고 있는지 모른다구.;No one will know you're nervous.
112	last year	작년에	그녀는 작년에 아이를 낳았다.;She had a baby last year.
112	this year	올해에	올해에 너에게 행복이 가득했으면 해!;I hope this year will be full of happiness for you!
112	next year	내년에	나는 내년에 외국에 가려네.;I'm going abroad next year.
112	to try	시도하다	너도 한번 시도해 봐.;You've gotta try it.
113	How long does it take from A to B by/using X?	A에서 B까지 X로 얼마나 걸려요?	학교에서 명동까지 지하철로 얼마나 걸려요?;How long does it take from school to Myeongdong by subway?
113	bus	버스	나는 학교에 가기 위해 버스를 탑니다.;I take the bus to go to school.
113	express bus	고속버스	나는 고향에 고속버스로 갈 거예요.;I will go to my hometown by express bus.
113	train	기차	저는 기차를 좋아해요. 기차 여행이 즐거워요.;I like trains. Train travel is enjoyable.
113	airplane	비행기	저는 비행기를 타고 해외로 여행을 갈 거예요.;I will travel abroad by airplane.
113	car	자동차	저는 자동차로 출근합니다.;I commute by car.
113	taxi	택시	저는 택시를 타고 회사에 갑니다.;I take a taxi to go to work.
113	cruise ship	유람선	여름 휴가 때 유람선 여행을 가고 싶어요.;I want to go on a cruise trip during the summer vacation.
113	motorcyle	오토바이	주말에 친구들과 오토바이로 산악지대를 탐험했어요.;On the weekend, I explored mountainous areas on motorcycles with friends.
113	bus stop	보스 정류장	버스 정류장에서 친구를 만났어요.;I met my friend at the bus stop.
113	bus terminal	버스 터미널	버스 터미널에서 티켓을 사야 해요.;I have to buy a ticket at the bus terminal.
113	subway station	지하철역	지하철역에서 친구를 만났어요.;I met my friend at the subway station.
113	train station	기차역	기차역에서 표를 구매해야 합니다.;You need to buy a ticket at the train station.
113	airport	공항	저는 공항으로 가는 버스를 타려고 해요.;I'm going to take the bus to the airport.
113	to cross the street	길을 건너다	신호가 바뀌면 길을 건너야 해요.;You have to cross the street when the traffic light changes.
113	to get in, to ride	을/를 타다	비행기를 타기 위해 공항으로 가세요.;Please to to the airport to take the airplane.
113	to get off	에서 내리다	버스에서 내리기 전에 알려주세요.;Please let me know before getting off the bus.
113	to transfer	(으)로 갈아타다	다음 정류장에서 버스로 갈아타야 해요.;You need to transfer to a bus at the next bus stop.
113	to depart from	에서 출발하다	기차가 서울역에서 출발했어요.;The train departed from Seoul station.
113	to arrive at/in	에 도착하다	버스가 정류장에 도착했어요.;The bus arrived at the bus stop.
113	to go up	을/를 오르다	계단을 오르면서 숨이 차요.;I get out of breath while climbing the stairs.
113	to go up, to climp	을/를 올라가다	사다리를 올라가서 전구를 교체했어요.;I climbed the ladder and replaced the light bulb.
113	to go down	에서 내려가다	계단을 내려가면서 조심하세요.;Be careful when going down the stairs.
113	to walk	걷다	길을 걷다;Walk along the street
113	to get a cold	감기에 걸리다	감기걸 겼어요?;Did you get a cold?
113	not yet done	안 끝났다	시험이 아직 안 끝났어요.;The exam is not finished yet.
113	island	섬	제주도가 근 섬이에요.;Jeju island is a big island.
113	X-ern part	X쪽에	남쪽에;in the south, southern part;제주에서 남쪽이나 복쪽에 머물러요?;Do you stay in the south or north of Jeju?
113	lake	호수	여름에는 친구들과 호수에서 수영해요.;In summer, I swim in the lake with my friends.
113	to stay	-에 머무르다	제주에서 남쪽이나 북쪽에 머물러요?;Will you stay in the south or north of Jeju?
113	vegetarian	채식	저는 채식이나 할랄 음식을 먹을 거예요.;I will eat vegetarian or halal food.
113	nearby N	N 가까이(에)	제 집 가까이에 알디가 있어요.;There's an Aldi close to my house.;서울 가까이에 DMZ(비무장지대)가 있어요.;There's the DMZ near Seoul.
113	abalone	전복	이들은 주로 조개와 전복을 먹고 산다.;They usually eat seashells and abalones.
113	pork	돼지고기	돼지고기는 월마트가 더 싸요.;Pork is cheaper at Wal-Mart.
113	Hallabong (citrus fruit grown on Jeju)	한라봉	한라봉차가 있어?;There is Hallabong tea?
113	red beans	팥	팥으로 만들었어요.;Made with red beans.
113	foreigner	외국인	이태원에 외국인이 많은 곳이에요.;Itaewon is a place with many foreigners.
113	Can you help me?	저를 도와줄 수 있어요?	-;-
113	Can you help me find the way?	길찾기를 도와줄 수 있어요?	-;-
114	which?	어느	넌 어느 게 좋니?;Which one's your favourite?;그들이 어느 쪽으로 갔나요?;Which way did they go?
114	first	먼저	먼저 버스를 타세요.그리고 지하철로 갈아타세요.;Take the bus first. Then transfer to the subway.
114	chatting	채팅	저는 보통 인터넷 채팅으로 연락해요.;I usually contact my friends by internet chatting.
114	dormitory	기숫사	넌 어디 기숙사에서 있니?;Which dorm do you live in?
115	be surprised	놀라다	이 한국 사람이 아주 놀랐어요.;This korean was very surprised.
115	to want	원하다	저는 여행을 원해요.;I want to travel.;아이들은 아이스크림을 원해요.;The children want ice cream.
115	transportation card	교통카드	나는 교통카드로 버스를 타요.;I take the bus with my transportation card.;교통카드를 잃어버렸어요.;I lost my transportation card.
115	transportation fee	요금	이 버스의 요금은 얼마인가요?;What is the fare for this bus?
115	the place to get in	타는 곳	버스를 타는 곳은 저기 앞에 있어요.;The place to catch the bus is right over there.
115	the place to get off	내리는 곳	지하철을 내리는 곳은 목적지 역에서입니다.;The place to get off the subway is at the destination station.
115	entrance	들어가는 곳/입구	이 문이 들어가는 곳입니다;This door is the entrance.;여기가 박물관의 입구입니다.;This is the entrance of the museum.
115	exit	나가는 곳/출구	나가는 곳에서 안내도를 확인하세요.;Check the map at the exit for guidance.;출구에서 기다리고 있을게요.;I'll be waiting at the exit.
115	transfer spot	갈아타는 곳	이 버스 정류장이 갈아타는 곳입니다.;This bus stop is the transfer point.;갈아타는 곳에서 다른 교통수단을 이용할 수 있어요.;You can use different modes of transportation at the transfer point.
115	to loose weight	살을 빼다	살을 빼고 싶어요.;I want to loose weight.;이번 달에는 목표로 한 2킬로 살을 빼고 싶어요.;I want to lose around 2 kilograms this month as my goal.
115	be dirty	더럽다	교실이 너무 더러워요.;The classroom is too dirty.;방이 더러워서 청소를 해야 해요.;The room is dirty, so I need to clean it.
115	to wash	씻다	저는 아침에 얼굴을 씻어요.;I wash my face in the morning.;바닥을 청소하고 씻었어요.;I cleaned the floor and washed it.;저녁 식사 후에는 그릇을 씻어야 해요.;After dinner, we need to wash the dishes.
115	to be late	지작하다	저는 오늘 아침에 지각했어요.;I was late this morning.;교통 체증으로 인해 지각했어요.;I was late due to heavy traffic.
115	hand	손	손으로 글을 쓰는 것이 편해요.;Writing with hands is convenient.;손을 통해 감정을 표현할 수 있어요.;We can express emotions through our hands.
115	to date, to go out	사귀다	나는 내 친구와 사귀고 있어요.;I'm dating my friend.;저는 현재 아무도와 사귀지 않고 있어요.;I'm currently not dating anyone.
115	to pass an exam	합격하다	저는 입시에 합격했어요.;I passed the entrance exam.
115	appointment	약속시간	저희의 약속시간은 오후 3시에 정해져 있어요.;Our appointment time is set for 3 PM.;약속시간을 잘 기억하고 있어야 해요.;You need to remember the appointment time well.
115	by the way	그런데	그런데, 그 책은 이미 다 읽은 것 같아요.;By the way, I think I've already read that book.;그렇게 많이 연습했는데, 그런데 여전히 부족해요.;I practiced so much, but, however, I'm still not good enough.
115	vocabulary test	단어 시험	어제의 단어 시험은 어땠어요?;How was yesterday's vocabulary test?;단어 시험을 위해 단어들을 암기했어요.;I memorized the words for the vocabulary test.
115	then	그 다음	저는 공부를 하고, 그 다음에 쉬기로 했어요.;I'm going to study first, and then take a break.;회의가 끝나면, 그 다음에 일을 시작할게요.;After the meeting is over, I'll start working next.
115	to go out	-에서 나가다	나는 집에서 나가서 친구들과 만날 거예요.;I'll leave home and meet my friends.
115	to come out	-에서 나오다	학교에서 나오면 바로 버스 정류장이 있어요.;When you come out of the school, there is a bus stop right away.
115	to go up	-에/(으)로 올라가다	엘리베이터로 10층에 올라가면 회의실이 있어요.;If you go up to the 10th floor by elevator, there is a meeting room.
115	to come up	-에/(으)로 올라오다	버스에 올라와서 앉은 자리에서 책을 읽었어요.;I got on the bus and read a book in my seat.
115	to enter	-에/(으)로 들어가다	문을 열고 방에 들어갔어요.;I opened the door and entered the room.
115	to come in	-에/(으)로 들어오다	도서관에 들어와서 책을 빌렸어요.;I entered (came in) the library and borrowed some books.
115	to go down	-에/(으)로 내려가다	계단을 내려가서 문을 열었어요.;I went downstairs and opened the door.
115	to come down	-에/(으)로 내려오다	엘리베이터로 10층에서 내려와서 로비로 이동했어요.;I came down from the 10th floor in the elevator and moved to the lobby.
116	to advise	조언하다	친절하게 조언해 주셔서 감사합니다.;Thank you for your kind advice.
116	diligent	부지런하다	네가 언제부터 그렇게 부지런했냐?;Since when were you so diligent?;한국 선조들이 아침에 항상 부지런했어요.;Korean ancestors were always diligent in the morning.
116	on purpose	일부러	친구가 일부러 나를 기다리지 않고 먼저 가버렸어요.;My friend intentionally left without waiting for me.
116	reason	이유	진짜 이유를 말해 봐.;Tell me the real reason.;아무 울 이유가 없어.;There's nothing to cry about.
116	line (bus, tram, ..)	호선	지하철 2호선에서 4호선으로 갈아타요.;Transfer from subway line 2 to line 4.
116	to have a conversation	대화하다	저는 친구와 대화하고 싶어요.;I want to talk to my friend.
116	topic	주제	이 주제에 대해 얘기해 봐요.;Let's talk about this topic.
117	midsummer	한여름	저는 한여름에는 거기에 가지 않겠어요.;I wouldn't go there in midsummer.
117	i agree (casual)	저도 그렇게 생각해요	A: 이 영화 정말 재미있어요. B: 저도 그렇게 생각해요.;A: This movie is really fun. B: I also think so.
117	dark	어둡다	방이 어두워요.;The room is dark.;저녁에는 거리가 어두워요.;The street gets dark in the evening.
117	bright	밝다	해가 떠서 밖이 밝아요.;The sun is up, so it's bright outside.;방에 창문이 많아서 밝아요.;There are many windows in the room, so it's bright.
117	humid, wet	습하다	오늘은 날씨가 습해요.;Today's weather is humid.
117	active	활동 적이다	그 아이는 매우 활동 적이에요.;That child is very active.
117	indoor	실내	실내에는 테이블과 의자가 있어요.;There are tables and chairs indoors.
117	outdoor	실외	실외에 가면 많은 것을 볼 수 있어요.;You can see many things when you go outdoors.
117	sauna	찜질방	찜질방에서 몸을 푸는 게 좋아요.;It's nice to relax and unwind at a sauna.
117	to grow up	자라다	아이들은 빨리 자라.;Children grow quickly.;꽃이 이쁘게 자라.;The flower grows beautifully
117	sunny	화창하다	오늘 밖이 화창해.;It's sunny outside today.
117	be near	가까이헤(서)	제 고향은 룩셈부르크 가까이에 있어요.;My hometown is near Luxembourg.;저는 제 집 가까이에서 조깅해요.;I jog near my house.
117	dry	건조하다	여름에 건조한 것이 습한 것보다 좋아요.;In summer, dry is better than wet.
117	insect	벌레	나무에는 작은 벌레들이 많이 있어요.;There are many small insects on the tree.
117	mosquito	모기	저는 모기가 싫어서 실내에서만 요가를 해요.;I have mosquitoes, so I only do yoga indoors.
117	a fly (fliege)	파리	으으! 내 커피 안에 파리 한 마리가 있어!;Ugh! There is a fly in my coffee!
117	forest	숲	그 마을은 숲 가까이에 있어요.;The village is near the forest.
117	border	경계	그 강이 국경이에요.;That river is the border.
117	(national) border	국경	그 나라가 언제 국경을 개방했습니까?;When did the country open its borders?
117	excited	신나다	한국 여행에 대해서 무엇이 가장 신나요?;What are you most excited about traveling to Korea?
118	bar	술집, 바	금요일에 항상 동료와 같이 술집에 맥주를 마시러 가요.;On fridays, I always go to the pub with my colleagues for a beer.
118	be unique	특이하다	한국 스타일 피자가 정말 특이하다.;Korean style pizza is really unique.
118	be creative	창의적이다	여러분이 창의적이 되는 것이 중요해요.;It's important that you be creative.
118	because	왜냐(하)면	왜냐하면 비가 오기 때문에 우산을 가져와야 해요.;Because it's raining, we need to bring an umbrella.
118	different from N	N와/과 다르다	이 피자가 이탈리아 피자와 달라요.;This pizza is different from italian pizza.;나는 남동생과 성격이 달라요.;I have a different personality from my younger brother.
118	close to	와/과 가깝다	네덜란드 가까이에 있어요.;It's near the Netherlands.
118	happy	행복하다	행복한 것이 중요해요.;Being happy is important.;행복한 사람;A happy person.
118	police	경찰	누구 경찰 좀 불러요!;Somebody call the cops!
118	supermarket	슈퍼,마트	은행은 슈퍼마켓 건너편에 있다.;There is a bank opposite the supermarket.;저는 마트에서 식료품을 사러 갔어요.;I went to the mart to buy groceries.
118	difference	차이	그 두 가지 제품 사이에는 큰 차이가 있어요.;There is a big difference between those two products.
119	expression	표현	이 표현은 어떻게 해석하나요?;How do you interpret this expression?
119	phrases	구문	구문을 이해하는 것은 중요합니다.;Understanding phrases is important.
119	to translate	번역하다	저는 영어를 한국어로 번역할 수 있어요. ;I can translate English into Korean.
119	How to say X in Korean?	X을/를 한국어로 어떻게 말해요?	한국어로 '안녕하세요'를 어떻게 말해요?;How do you say 'hello' in Korean?;중국 친구가 한국어로 '안녕하세요'라고 어떻게 말해요?;My Chinese friend asked me how to say 'hello' in Korean.
119	to remember	기억하다	나는 어제의 일을 잘 기억해요.;I remember what happened yesterday well.
119	to lend	빌려주다	친구가 나에게 책을 빌려줬어요.;My friend lent me a book.
119	well...	글쎄(요)	글쎄요. 수업 끝나고 2시쯤에 가려고요.;Well, I'm going to go around 2 o'clock after class.
119	(piece of) work	작품	그 작품은 정말 아름답네요.;That work is really beautiful.
120	contents	컨텐츠	이 책의 컨텐츠는 정말 좋아요.;The contents of this book are really good.
120	popculture	대중문화	한국의 대중문화는 어떤가요?;What is Korean pop culture like?
120	popular	인기가 많다	이 영화는 인기가 많아요.;This movie is popular.
120	museum	박물관	박물관에 가는 것이 좋아요.;It's nice to go to the museum.;암스테르담에서 박물관에 갔어요.;I went to the museum in Amsterdam.
120	new year	새해	새해 복 많이 받으세요.;Happy New Year.;새해에는 새로운 것을 시작해요.;I start new things in the new year.
120	to spend vacation	휴가를 보내다	저는 여름 휴가를 보내러 해변에 갈 거예요.;I'm going to spend my summer vacation at the beach.;가족과 암스테르담에서 휴가를 보냈어요.;I spent my vacation with my family in Amsterdam.
120	novel	소설	그 소설은 정말 재미있어요.;That novel is really interesting.
120	to dream of something	-을/를 꿈꾸다	아드리안은 한국어를 잘하는 것을 꿈꿔요.;Adrian dreams of being good at Korean.
120	by chance, accidently	우연히	우연히 그 영화를 봤어요.;I saw that movie by chance.
120	childhood N	어릴 적 N	해미는 저의 어릴 적 친구예요.;Haemi is my childhood friend.
120	presentation	발표	저는 발표를 잘하는 것이 중요하다고 생각해요.;I think it's important to be good at presentations.
120	complicated	복잡하다	이 문제는 너무 복잡해요.;This problem is too complicated.;줄거리이 복잡해요.;The plot is complicated.
120	simple	단순하다	그 문제는 단순해 보이지만 실제로는 어려워요.;That problem looks simple, but it's actually difficult.
120	This is the end of my presentation.	제 발표는 여기까지입니다.	-;-
120	Please ask any questions.	질문 있으시면 해주세요.	-;-
120	to be surprised	-이/가 놀라다	저는 이 드라마 때문에 놀랐어요.;I was surprised because of this drama.
121	espresso	에스프레소	에스프레소를 마시고 싶어요.;I want to drink espresso.
121	personal option	퍼스널 옵션	퍼스널 옵션을 선택하세요.;Please select the personal option.;퍼스널 옵션을 선택하여 나만의 음료를 만들어보세요!;Select the personal option and make your own drink!
121	normal/low fat/no fat milk	일반/저지방/무지방 우유	일반 우유를 사용해요.;I use normal milk.;저지방 우유를 사용해요.;I use low fat milk.;무지방 우유를 사용해요.;I use no fat milk.
121	soy milk	두유	두유를 사용해요.;I use soy milk.
121	short/tall size	숏/톨 사이즈	따뜻한 음료는 숏 사이즈 가능.;Short size is available for hot drinks.
121	to choose	선택하다	네가 선택해, 난 결정 못 하겠어.;You choose, I can't decide.
121	to want	-을/를 원하다	나는 커피를 원해.;I want coffee.;무슨 사이즈 원하세요?;What size do you want?
121	to give (formal)	드리다	무엇을 드릴까요?;What can I give you?
121	to pay	계산하다	카드나 현금으로 계산하실까요?;Would you like to pay by card or cash?
121	to take away	포장하다	포장해 주세요.;Please wrap it up.;햄버거 두 개 포장해 주세요.;Two burgers to take away, please.
121	a bill	영수증	영수증 원하세요?;Do you want the bill?
121	raw meat	육회	육회를 먹어 본 적 있어요?;Have you ever tried raw meat?
121	kimchi soup	김치 찌개	김치 찌개를 먹어 본 적 있어요?;Have you ever tried kimchi soup?
121	squid	오징어	오징어를 좋아해요.;I like squid.
121	beef	소고기	소고기를 좋아해요.;I like beef.
121	scary	무섭다	그 영화는 정말 무섭다.;That movie is really scary.
121	to fight with (each other)	와/과 (서로) 싸우다	그들은 서로 싸웠어요.;They fought with each other.
121	surprising, amazing	놀랍다	그가 연기하는 것이 놀라워요.;His acting is amazing.
121	originally	원래	판다가 원래 중국에만 살아요.;Pandas originally live only in China.
121	to appear in (movie/drama)	-에 등장하다	이 사람들이 이 드라마의 등장 인물이에요.;These people are the characters in this drama.
121	to enjoy	즐기다	나는 여행을 즐겨요.;I enjoy traveling.
121	to be based on	을/를 원작으로 하다	이 영화는 원작으로 만화를 사용했어요.;This movie is based on a comic book.
121	to be murdered by	에게 살해되다	그는 그의 아내에게 살해되었어요.;He was murdered by his wife.
121	to promise sth. to so.	-에게 -을/를 약속하다	저는 친구에게 복수를 약속했어요.;I promised my friend revenge.
121	cast (of a movie)	등장인물	이 영화의 등장인물은 누구예요?;Who are the characters in this movie?
121	script (of a movie)	대본	이 영화의 대본은 누가 썼어요?;Who wrote the script for this movie?
121	subtitles	자막	이 영화는 한국어 자막이 있어요.;This movie has Korean subtitles.
121	to come out, to release	나오다	이 영화는 언제 나와요?;When does this movie come out?;꽃이 나오는 계절이에요.;It's the season when flowers come out.;여드름이 나오는 것을 싫어해요.;I don't like it when pimples come out.
122	overpass (Ueberfuehrung)	육교	육교를 건너면 학교에 도착해요.;If you cross the overpass, you'll arrive at the school.
122	post office	우체국	우체국에서 우표를 사야 해요.;I need to buy stamps at the post office.
122	crossroad	사거리	사거리에서 좌회전을 하세요.;Make a left turn at the intersection.
122	underpass (Unterfuehrung)	지하도	비가 오니까 지하도를 이용해서 가는 게 편해요.;It's more convenient to use the underpass when it's raining.
122	crosswalk (Zebrastreifen)	횡단보도	횡단보도에서 빨간불이면 기다려야 해요.;You should wait at the crosswalk when the light is red.
122	traffic light	신호등	신호등이 바뀌면 건너세요.;Cross the road when the traffic light changes.
122	to go straight	똑바로 가다, 직진하다	길을 따라 똑바로 가다 보면 버스 정류장이 나와요.;If you go straight along the road, you'll reach the bus stop.;직진하다 보면 공원이 보일 거에요.;If you go straight, you'll see the park.
122	to turn right	오른쪽으로 가다, 우회전하다	교회는 바로 오른쪽으로 가면 있어요.;The church is right there if you go right.;이 교차로에서 오른쪽으로 가면 주유소가 있어요.;If you go right at this intersection, there's a gas station.
122	to turn left	왼쪽으로 가다, 좌회전하다	마트는 바로 왼쪽으로 가면 있어요.;The supermarket is right there if you go left.;자전거를 타고 왼쪽으로 가면 도서관이 있어요.;If you ride your bike to the left, there's a library.
122	u-turn	유턴하다, 돌다	이 교차로에서 유턴하면 집으로 돌아갈 수 있어요.;If you make a U-turn at this intersection, you can go back home.;도로 공사 때문에 다른 길로 돌아야 해요.;Due to road construction, we have to take a different route.
122	behind, back	뒤쪽	뒤쪽에는 예쁜 정원이 있어요.;There's a beautiful garden at the back.;가방은 뒤쪽에 놓으셨어요.;You put the bag at the back.
122	hard, difficult, tough	힘들다	요즘 일이 많아서 좀 힘들어요.;I have a lot of work these days, so it's a bit difficult.
122	to be sad	슬프다	그 영화를 보면 항상 슬퍼져요.;I always feel sad when I watch that movie.
122	window	창문	창문 밖을 보니 비가 내렸어요.;I looked outside the window and saw that it was raining.
122	feeling	느낌	오늘은 기분이 좋아서 행복한 느낌이에요.;Today, I'm in a good mood, so I have a happy feeling.
123	for how many hours?	몇 시간	몇 시간 동안 공부했어요?;How many hours did you study?
123	on what time?	몇 시에	몇 시에 일어나요?;What time do you get up?
123	to stop sth. (e.g. a car)	을/를 세우다	차를 세워서 주차하세요.;Park the car and stop.
123	verb	동사	동사를 쓰세요.;Write the verb.;동사는 무엇인가요?;What is the verb?
123	auntie, older lady	아줌마	아줌마, 이거 주세요.;Auntie, give me this.
123	uncle, older man	아저씨	아저씨, 이거 주세요.;Uncle, give me this.
123	bad	나쁘다	나쁜 사람이에요.;He is a bad person.
123	I have received much education. (proverb)	저는 가방끈이 길어요.	-;-
123	to clean	청소하다	방을 청소해야 해요.;I need to clean the room.
123	smile (when taking a photo)	웃으세요	웃으세요!;Smile!
123	there	저쪽	저쪽에 뭐가 있어요?;What's over there?
123	to cross	건너다	길을 건너서 가세요.;Cross the road and go.
123	to enter	들어가다	문을 열고 방에 들어갔어요.;I opened the door and entered the room.
123	to transfer	환승하다	지하철을 환승해야 해요.;I need to transfer to the subway.
123	to get off	내리다	지하철을 내리는 곳은 목적지 역에서입니다.;The place to get off the subway is at the destination station.
123	now	이제	이제 집에 가야 해요.;I have to go home now.
123	interval	간격	버스의 간격은 얼마나 되나요?;How long is the interval between buses?
123	to pass an exam	시험에 합격하다	저는 입시에 합격했어요.;I passed the entrance exam.
123	across	맞은편	맞은편에 뭐가 있어요?;What's across the street?
124	Joseon dynasty	조선 시대	그녀는 조선시대의 유명한 화가입니다.;She is a famous artist from the Joseon dynasty.
124	to provide, to offer	제공하다	저희 호텔은 조식을 제공합니다.;Our hotel provides breakfast.;언제까지 조식을 제공하나요?;Until when do you offer breakfast?
125	semester start party	학기 시작 파티	학기 시작 파티에 가고 싶어요.;I want to go to the semester start party.
125	I don't know how to say it in Korean.	한국어로 어떻게 말하는지 몰라요.	-;-
125	sightseeing	구경하다	저는 서울에서 구경하고 싶은 곳이 많아요.;I want to see a lot of places in Seoul.
125	I will start presenting about X	제 X에 대해서 발표를 시작할게요.	-;-
125	Now I will share my screen	이제 화면을 공유할게요.	-;-
125	This is the end of my presentation.	제 발표는 여기까지예요.	-;-
125	Thanks for listening	들어줘서 고마워요/고맙습니다.	-;-
125	adjective	형용사	형용사를 쓰세요.;Write the adjective.;형용사는 무엇인가요?;What is the adjective?
125	background information	배경정보	이 영화의 배경정보는 무엇인가요?;What is the background information of this movie?
125	to stress, to emphasize	강조하다	이 영화는 가족의 중요성을 강조해요.;This movie emphasizes the importance of family.
125	be drunk	취하다	그는 술에 취했어요.;He was drunk.
125	before	예전에	예전에는 더 많이 운동했어요.;I used to exercise more before.
125	lover	애인	애인이 있어요?;Do you have a lover?
125	to resemble	닮다	그는 아버지를 닮았어요.;He resembles his father.
126	to complete something	-을/를 완성하다	이 영화는 2019년에 완성되었어요.;This movie was completed in 2019.
126	to end something	-을/를 끝내다	오늘 배드민턴 연습을 끝냈어요?;Did you finish badminton practice today?;회사 미팅 준비를 끝냈어요?;Did you finish preparing for the company meeting?
126	a lock	자물쇠	문에 자물쇠가 있어요.;There is a lock on the door.
126	to lock	잠그다	문을 잠그세요.;Lock the door.
126	key	열쇠	열쇠를 잃어버렸어요.;I lost my keys.
126	alone	혼자	혼자서 영화를 보는 것이 좋아요.;It's nice to watch a movie alone.
126	Tanghulu (candy fruits on a stick)	탕후루	탕후루를 먹어 본 적 있어요?;Have you ever tried Tanghulu?
126	sesame leaf (used in korean bbq)	깻잎	깻잎을 좋아해요.;I like sesame leaves.
126	lettuce	상추	상추를 좋아해요.;I like lettuce.
126	sth. is popular	-이/가 유행하다	이 영화는 유행해요.;This movie is popular.;요즘 한국에서 탕후루가 유행해요.;Tanghulu is popular in Korea these days.
126	beach	해변	해변에 가면 바다를 볼 수 있어요.;If you go to the beach, you can see the sea.
126	sea	바다	바다를 보면 행복해요.;I'm happy when I see the sea.
126	coast	해안	해안을 따라 걸어요.;Walk along the coast.
126	temple	절	절에 가면 사람들이 많이 있어요.;There are a lot of people at the temple.
126	location	장소	이 장소는 어디인가요?;Where is this place?;우리는 많은 장소에 갔어요.;We went to many places.
126	to look A	A-아/어 보이다	그 영화는 재미있어 보여요.;That movie looks interesting.;한라봉이 귤하고 비슷해 보여요.;Hallabong looks similar to tangerine.
126	to look like N	N처럼 보이다	이 아이스크림이 물고기처럼 보여요.;This ice cream looks like a fish.;이 선인장이 사람처럼 보여요.;This cactus looks like a person.
126	type, kind, sort	종류	이 종류의 영화는 재미있어요.;This type of movie is interesting.;식당에 두 종류의 샐러드가 있었어요.;There were two kinds of salads at the restaurant.
126	Long time no see!	오랜만이야!	-;-
126	to be over	-이/가 끝나다	당신 일 몇 시에 끝나요?;What time do you finish work?
127	fraud, swindler	사기꾼	그 사람은 사기꾼이에요.;He is a fraud.
127	nearby	근처	근처에 뭐가 있어요?;What's nearby?
127	surprisingly	놀랍게도	놀랍게도 그 영화는 재미있어요.;Surprisingly, that movie is interesting.;서울에는 놀랍게도 스타벅스가 590개 있어요.;Surprisingly, there are 590 Starbucks in Seoul.
127	to research	연구하다	제 일은 코딩하는 것과 연구하는 것이에요.;My job is coding and researching.
127	transitive verb	타동사	타동사를 쓰세요.;Write the transitive verb.;타동사는 무엇인가요?;What is the transitive verb?
127	intransitive verb	자동사	자동사를 쓰세요.;Write the intransitive verb.;자동사는 무엇인가요?;What is the intransitive verb?
127	to think about something	을/를 생각하다	나는 내 미래에 대해 생각해.;I think about my future.
127	korean food	한식	한식을 좋아해요.;I like Korean food.
127	snack	분식	분식을 좋아해요.;I like Korean snacks.
127	kimchi stew	김치찌개	김치찌개를 좋아해요.;I like kimchi stew.
127	always	항상 / 매일 / 늘 / 언제나 / 날마다	나는 항상 일찍 일어나요.;I always get up early.;나는 매일 일찍 일어나요.;I get up early every day.;나는 늘 일찍 일어나요.;I always get up early.;나는 언제나 일찍 일어나요.;I always get up early.;나는 날마다 일찍 일어나요.;I get up early every day.
127	hardly	거의 안	나는 거의 안 일어나요.;I hardly get up.
127	never	전혀 안	나는 전혀 안 일어나요.;I never get up.
127	backpacking trip	배낭여행	나는 배낭여행을 좋아해요.;I like backpacking trips.
127	ginseng	인삼	인삼을 좋아해요.;I like ginseng.
127	jujube	대추	대추를 좋아해요.;I like jujube.
127	to insert	넣다	넣어주세요.;Please insert it.;카드를 넣어주세요.;Please insert your card.
127	then	그럼	그럼, 이제 끝났어요.;Then, it's over now.
127	boardinghouse	하숙집	저는 하숙집에서 살아요.;I live in a boardinghouse.
127	to smoke	담배를 피우다	저는 담배를 피우지 않아요.;I don't smoke.
127	to make loud noise	큰소리로 떠들다	저는 큰소리로 떠들지 않아요.;I don't make loud noise.
127	to be late for class	지각하다	저는 수업에 지각하지 않아요.;I'm not late for class.
127	to throw out trash	쓰레기를 버리다	저는 쓰레기를 버리지 않아요.;I don't throw out trash.
127	to turn on	켜다	저는 불을 켜지 않아요.;I don't turn on the light.
127	to turn off	끄다	저는 불을 끄지 않아요.;I don't turn off the light.
127	to be convenient	편리하다	저는 편리한 것을 좋아해요.;I like convenient things.
127	to be inconvenient	불편하다	저는 불편한 것을 싫어해요.;I don't like inconvenient things.
128	appetizer	전식	전식을 먹어 본 적 있어요?;Have you ever tried appetizer?
128	main course	본식	본식을 먹어 본 적 있어요?;Have you ever tried the main course?
128	dessert	후식	후식을 먹어 본 적 있어요?;Have you ever tried dessert?
128	so sweet	달콤하다	이 음료는 달콤해요.;This drink is sweet.
128	so spicy	매콤하다	이 음식은 매콤해요.;This food is spicy.
128	texture (food)	식감	이 음식의 식감은 어떤가요?;What is the texture of this food like?
128	salty	짜다	이 음식은 짜요.;This food is salty.
128	lobster	가재	가재를 먹어 본 적 있어요?;Have you ever eaten lobster?
129	besides	게다가	게다가, 그 영화는 재미있어요.;Besides, that movie is interesting.
129	mushroom	버섯	버섯을 먹어 본 적 있어요?;Have you ever eaten mushrooms?
129	be curious	궁금하다	그 영화는 궁금해요.;I'm curious about that movie.
129	apricot	살구	살구를 먹어 본 적 있어요?;Have you ever eaten apricots?
129	Thanks for listening.	들어줘서 고맙습니다.	-;-
129	mistake	실수	실수를 했어요.;I made a mistake.
129	What kind of N?	무슨 종류의 N?	무슨 종류의 음식을 좋아해요?;What kind of food do you like?
129	however	그러나	우리는 건강해요. 그러나 운동을 안 해요.;We are healthy. However, we don't exercise.
129	to add sth. as garnish	을/를 곁들이다	이 음식에는 고추를 곁들였어요.;This food is garnished with chili peppers.
129	Raw meat with pear	배를 곁들인 육회.	-;-
129	vegetable	채소	음식에 채소 가루를 넣어요.;Put vegetable powder in the food.
129	artificial sweetener	인공감미료	인공감미료를 넣어요.;Put artificial sweetener in it.
129	AI	인공지능	회사는 제품에 인공지능을 사용하고 있어요.;The company is using AI in their product.
130	to tie hair	머리를 묶다	머리를 묶어야 해요.;I need to tie my hair.
130	to untie hair	머리를 풀다	머리를 풀어야 해요.;I need to untie my hair.
130	to turn on the camera	카메라를 켜다	카메라를 켤 수 없어요?;I can't turn on the camera?
130	to turn off the camera	카메라를 끄다	카메라를 끌 수 없어요?;I can't turn off the camera?
130	to have a problem with N	-에 문제가 있다	카메라에 문제가 있어요.;There is a problem with the camera.;노트북에 문제가 있어요.;There is a problem with the laptop.
130	to wiggle	꿈틀거리다	물고기가 꿈틀거려요.;The fish is wiggling.
130	a piece	조각	조각이 두 개 있어요.;There are two pieces.;아마도 작은 조각은 먹을 수 있어요.;Maybe I can eat the small piece.
130	to chew	씹다	물고기는 먹기 전에 씹어야 돼요.;You have to chew the fish before eating it.
130	to serve	서빙하다	저희 호텔은 조식을 서빙합니다.;Our hotel serves breakfast.
130	both sides	양면	양면에 스테이크를 요리하세요.;Cook the steak on both sides.
131	to import	수입하다	우리 회사는 제품을 수입해요.;Our company imports products.
131	to save sth.	을/를 아끼다	PS5를 사려고 돈을 아끼고 싶어요.;I want to save money to buy a PS5.;We need to save energy in summer.;여름에는 전기를 아끼는 게 필요해요.
131	environment	환경	환경을 보호해야 해요.;We need to protect the environment.
131	to turn on sth	을/를 켜다	불을 켜주세요.;Turn on the light.
131	to turn off sth	을/를 끄다	불을 끄세요.;Turn off the light.
131	Alps	알프스산	알프스산은 유명해요.;The Alps are famous.
131	to make noise	떠들다	저는 큰소리로 떠들지 않아요.;I don't make loud noise.
131	to be late	늦다	저는 절대로 늦지 않아요.;I'm never late.
131	to take a break	잠깐 쉬다	잠깐 쉬어도 돼요.;You can take a break.
131	for a moment	잠깐 동안	잠깐 동안 쉬어도 돼요.;You can take a break for a moment.
131	guess, assumption	추측	추측이에요.;It's a guess.
131	rules	규칙	규칙이에요.;It's a rule.
131	home (honorific)	댁	부모님 댁은 어디세요?;Where do your parents live?
131	permission	허가	허가가 필요해요.;I need permission.
131	unhappy	불행하다	저는 날씨가 안 좋을 때 불행해요.;I'm unhappy when the weather is bad.
131	to miss so./sth.	그립다/보고 싶다	휴가를 갈 때 가좃이 그리워요.;I miss my family when I go on vacation.
132	vocabulary	어휘	이 어휘는 어떻게 읽나요?;How do you read this vocabulary?
132	umbrella	우산	우산을 가져가세요.;Take an umbrella.
132	facility	시설	또 시설도 아주 편리하다.;The facilities are also very convenient.
132	of course!	물론이죠!/당연하죠!	-;-
132	anniversary	기념일	우리는 100일 기념일을 맞이했어요.;We celebrated our 100th day anniversary.
132	sleepy	졸리다	저는 졸려요.;I'm sleepy.
132	squirrel	다람쥐	다람쥐가 나무에 올라갔어요.;The squirrel climbed up the tree.
132	persimmon	감	감을 먹어 본 적 있어요?;Have you ever eaten persimmons?
133	honey, darling	여보	여보, 이거 주세요.;Honey, give me this.;여보, 이거 먹어요.;Honey, eat this.
133	Can you hear me?	잘 들려요?	-;-
133	be wrong	틀리다	그것은 틀렸어요.;That's wrong.;미안하지만 네가 틀려.;Sorry, but you're wrong.
133	phone is ringing (crying)	전화가 울리다	전화가 울려요.;The phone is ringing.;전화가 울렸어요.;The phone rang.
133	to answer the phone	전화에 답하다	전화에 답해주세요.;Please answer the phone.;전화에 답했어요.;I answered the phone.
133	convenience store	편의점	편의점에 가서 물건을 사요.;I go to the convenience store and buy things.;편의점에 가서 물건을 샀어요.;I went to the convenience store and bought things.
133	to delete a text message	문자를 지우다	문자를 지워주세요.;Please delete the text message.;문자를 지웠어요.;I deleted the text message.
133	to talk on the phone	통화하다	전화로 통화해요.;I talk on the phone.;전화로 통화했어요.;I talked on the phone.
133	Whis is this calling?	누구세요?	-;-